{"0": {"ID": 0, "OfferTitle": "DAILY", "Cost": 0, "OldCost": 0, "Multiplier": 1, "BrawlerID": 0, "SkinID": 0, "WhoBuyed": [80171, 68286, 53478, 7369, 28474, 83294, 43833, 72642, 60895, 44272, 46774, 34358, 81165, 90246, 93345, 24190, 58047, 55450, 8693, 45258, 32874, 59334, 79115, 72860, 98563, 79968, 45291, 66097, 18761, 72480, 15603, 28421, 30009, 1115, 49214, 80472, 44855, 79704, 77955, 42777], "ShopType": 1, "ShopDisplay": 1}, "1": {"ID": 1, "OfferTitle": "ОСОБАЯ АКЦИЯ", "Cost": 59, "OldCost": 162, "Multiplier": 1426, "BrawlerID": 0, "SkinID": 0, "WhoBuyed": [], "ShopType": 0, "ShopDisplay": 0}, "2": {"ID": 3, "OfferTitle": "ЕЖЕДНЕВНАЯ АКЦИЯ", "Cost": 109, "OldCost": 119, "Multiplier": 1, "BrawlerID": 17, "SkinID": 0, "WhoBuyed": [], "ShopType": 0, "ShopDisplay": 0}, "3": {"ID": 3, "OfferTitle": "ЕЖЕДНЕВНАЯ АКЦИЯ", "Cost": 69, "OldCost": 79, "Multiplier": 1, "BrawlerID": 18, "SkinID": 0, "WhoBuyed": [], "ShopType": 0, "ShopDisplay": 0}, "4": {"ID": 4, "OfferTitle": "ЕЖЕДНЕВЫНЙ СКИН", "Cost": 69, "OldCost": 79, "Multiplier": 1, "BrawlerID": 0, "SkinID": 26, "WhoBuyed": [], "ShopType": 0, "ShopDisplay": 0}, "5": {"ID": 4, "OfferTitle": "ЕЖЕДНЕВЫНЙ СКИН", "Cost": 39, "OldCost": 49, "Multiplier": 1, "BrawlerID": 0, "SkinID": 45, "WhoBuyed": [], "ShopType": 0, "ShopDisplay": 0}, "6": {"ID": 4, "OfferTitle": "ЕЖЕДНЕВЫНЙ СКИН", "Cost": 39, "OldCost": 49, "Multiplier": 1, "BrawlerID": 0, "SkinID": 11, "WhoBuyed": [], "ShopType": 0, "ShopDisplay": 0}, "7": {"ID": 8, "OfferTitle": "POWERPOINTS", "Cost": 40, "OldCost": 0, "Multiplier": 34, "BrawlerID": 4, "SkinID": 0, "WhoBuyed": [79968], "ShopType": 1, "ShopDisplay": 1}, "8": {"ID": 8, "OfferTitle": "POWERPOINTS", "Cost": 43, "OldCost": 0, "Multiplier": 26, "BrawlerID": 23, "SkinID": 0, "WhoBuyed": [], "ShopType": 1, "ShopDisplay": 1}, "9": {"ID": 8, "OfferTitle": "POWERPOINTS", "Cost": 3, "OldCost": 0, "Multiplier": 30, "BrawlerID": 18, "SkinID": 0, "WhoBuyed": [79968], "ShopType": 1, "ShopDisplay": 1}, "10": {"ID": 8, "OfferTitle": "POWERPOINTS", "Cost": 4, "OldCost": 0, "Multiplier": 92, "BrawlerID": 23, "SkinID": 0, "WhoBuyed": [], "ShopType": 1, "ShopDisplay": 1}, "11": {"ID": 8, "OfferTitle": "POWERPOINTS", "Cost": 22, "OldCost": 0, "Multiplier": 40, "BrawlerID": 22, "SkinID": 0, "WhoBuyed": [], "ShopType": 1, "ShopDisplay": 1}}